details_p_l_pig,price_p_l_pig,adress_p_l_pig,url_image_p_l_pig
Lapereaux fauve,Prix sur demande,"Ngor, Dakar, Sénégal",https://sn.coinafrique.com/profil/09c696e3-e8f4-4a4c-b8ea-de0eeae94d03
Lapereaux fauve,Prix sur demande,"Ngor, Dakar, Sénégal",https://sn.coinafrique.com/profil/09c696e3-e8f4-4a4c-b8ea-de0eeae94d03
Lapereaux fauve,Prix sur demande,"Ngor, Dakar, Sénégal",https://sn.coinafrique.com/annonce/poules-lapins-et-pigeons/lapereaux-fauve-1261253
Lapereaux fauve,Prix sur demande,"Ngor, Dakar, Sénégal",https://sn.coinafrique.com/annonce/poules-lapins-et-pigeons/lapereaux-4244917
Lapereaux fauve,Prix sur demande,"Ngor, Dakar, Sénégal",https://sn.coinafrique.com/annonce/poules-lapins-et-pigeons/lapereau-4195833
Lapereaux fauve,Prix sur demande,"Ngor, Dakar, Sénégal",https://sn.coinafrique.com/annonce/poules-lapins-et-pigeons/lapins-3520760
Lapereaux fauve,Prix sur demande,"Ngor, Dakar, Sénégal",https://sn.coinafrique.com/annonce/poules-lapins-et-pigeons/lapin-3187687
Lapereaux fauve,Prix sur demande,"Ngor, Dakar, Sénégal",https://sn.coinafrique.com/annonce/poules-lapins-et-pigeons/lapereaux-3665205
Lapereaux fauve,Prix sur demande,"Ngor, Dakar, Sénégal",https://sn.coinafrique.com/annonce/poules-lapins-et-pigeons/lapereau-geant-fauve-4134335
Lapereaux fauve,Prix sur demande,"Ngor, Dakar, Sénégal",https://sn.coinafrique.com/annonce/poules-lapins-et-pigeons/couple-lapereau-fauve-de-bourgogne-4751808
Lapereaux fauve,Prix sur demande,"Ngor, Dakar, Sénégal",https://sn.coinafrique.com/annonce/poules-lapins-et-pigeons/lapin-fauve-de-bourgogne-3202447
Pigeons,Prix sur demande,"Dakar, Sénégal",https://sn.coinafrique.com/profil/14350da5-f7ec-4c33-a96e-96f1f80aa1c1
Pigeons,Prix sur demande,"Dakar, Sénégal",https://sn.coinafrique.com/profil/14350da5-f7ec-4c33-a96e-96f1f80aa1c1
Pigeons,Prix sur demande,"Dakar, Sénégal",https://sn.coinafrique.com/annonce/poules-lapins-et-pigeons/pigeons-5674944
Pigeons,Prix sur demande,"Dakar, Sénégal",https://sn.coinafrique.com/annonce/poules-lapins-et-pigeons/pigeon-5274182
Pigeons,Prix sur demande,"Dakar, Sénégal",https://sn.coinafrique.com/annonce/poules-lapins-et-pigeons/pigeons-5274177
Pigeons,Prix sur demande,"Dakar, Sénégal",https://sn.coinafrique.com/annonce/poules-lapins-et-pigeons/pigeons-voyageurs-5274172
Pigeons,Prix sur demande,"Dakar, Sénégal",https://sn.coinafrique.com/annonce/poules-lapins-et-pigeons/pigeons-voyageurs-et-boulants-4920745
Pigeons,Prix sur demande,"Dakar, Sénégal",https://sn.coinafrique.com/annonce/poules-lapins-et-pigeons/pigeon-boulant-gaditano-4884507
Pigeons,Prix sur demande,"Dakar, Sénégal",https://sn.coinafrique.com/annonce/poules-lapins-et-pigeons/pigeons-voyageurs-4729764
Pigeons,Prix sur demande,"Dakar, Sénégal",https://sn.coinafrique.com/annonce/poules-lapins-et-pigeons/pigeons-king-male-4704120
Pigeons,Prix sur demande,"Dakar, Sénégal",https://sn.coinafrique.com/annonce/poules-lapins-et-pigeons/pigeon-male-voyageur-4690859
Pigeons,Prix sur demande,"Dakar, Sénégal",https://sn.coinafrique.com/annonce/poules-lapins-et-pigeons/couple-pigeons-voyageur-4690857
Pigeons,Prix sur demande,"Dakar, Sénégal",https://sn.coinafrique.com/annonce/poules-lapins-et-pigeons/pigeon-boulant-4624925
Pigeons,Prix sur demande,"Dakar, Sénégal",https://sn.coinafrique.com/annonce/poules-lapins-et-pigeons/pigeon-king-4624920
,,,https://sn.coinafrique.com/profil/6d9fc26a-a487-46f3-820b-ef3921d031a1
,,,https://sn.coinafrique.com/profil/6d9fc26a-a487-46f3-820b-ef3921d031a1
Lapin,25 000 CFA,"Hann Bel-Air, Dakar, Sénégal",https://sn.coinafrique.com/profil/18276017-297f-481b-90e9-5036922414ec
Lapin,25 000 CFA,"Hann Bel-Air, Dakar, Sénégal",https://sn.coinafrique.com/profil/18276017-297f-481b-90e9-5036922414ec
Lapin,25 000 CFA,"Hann Bel-Air, Dakar, Sénégal",https://sn.coinafrique.com/annonce/poules-lapins-et-pigeons/lapin-3937288
Lapin,25 000 CFA,"Hann Bel-Air, Dakar, Sénégal",https://sn.coinafrique.com/annonce/poules-lapins-et-pigeons/lapin-male-engoura-3911550
Lapin,25 000 CFA,"Hann Bel-Air, Dakar, Sénégal",https://sn.coinafrique.com/annonce/poules-lapins-et-pigeons/lapins-3624677
Lapin,25 000 CFA,"Hann Bel-Air, Dakar, Sénégal",https://sn.coinafrique.com/annonce/poules-lapins-et-pigeons/couple-lapins-3536316
Lapin,25 000 CFA,"Hann Bel-Air, Dakar, Sénégal",https://sn.coinafrique.com/annonce/poules-lapins-et-pigeons/lapins-3520760
Lapin,25 000 CFA,"Hann Bel-Air, Dakar, Sénégal",https://sn.coinafrique.com/annonce/poules-lapins-et-pigeons/lapins-3437255
Lapin,25 000 CFA,"Hann Bel-Air, Dakar, Sénégal",https://sn.coinafrique.com/annonce/poules-lapins-et-pigeons/lapin-couple-fauve-adultes-3089288
Lapin,25 000 CFA,"Hann Bel-Air, Dakar, Sénégal",https://sn.coinafrique.com/annonce/poules-lapins-et-pigeons/lapin-geant-flandre-2735556
Lapin,25 000 CFA,"Hann Bel-Air, Dakar, Sénégal",https://sn.coinafrique.com/annonce/poules-lapins-et-pigeons/lapin-geant-de-flandre-2723627
Lapin,25 000 CFA,"Hann Bel-Air, Dakar, Sénégal",https://sn.coinafrique.com/annonce/poules-lapins-et-pigeons/lapins-et-lapereaux-angora-californien-729692
Lapin,25 000 CFA,"Hann Bel-Air, Dakar, Sénégal",https://sn.coinafrique.com/annonce/poules-lapins-et-pigeons/lapins-angoura-3521996
Lapin,25 000 CFA,"Hann Bel-Air, Dakar, Sénégal",https://sn.coinafrique.com/annonce/poules-lapins-et-pigeons/lapins-angora-francaise-2223516
Poule Brahma,Prix sur demande,"Dakar, Sénégal",https://sn.coinafrique.com/profil/be48e048-e3d1-4b75-a90b-679cabfb4c31
Poule Brahma,Prix sur demande,"Dakar, Sénégal",https://sn.coinafrique.com/profil/be48e048-e3d1-4b75-a90b-679cabfb4c31
Poule Brahma,Prix sur demande,"Dakar, Sénégal",https://sn.coinafrique.com/annonce/poules-lapins-et-pigeons/poule-brahma-4936101
Poule Brahma,Prix sur demande,"Dakar, Sénégal",https://sn.coinafrique.com/annonce/poules-lapins-et-pigeons/poule-brahman-3803369
Poule Brahma,Prix sur demande,"Dakar, Sénégal",https://sn.coinafrique.com/annonce/poules-lapins-et-pigeons/poule-de-race-2351149
Poule Brahma,Prix sur demande,"Dakar, Sénégal",https://sn.coinafrique.com/annonce/poules-lapins-et-pigeons/poule-brahma-4389249
Poule Brahma,Prix sur demande,"Dakar, Sénégal",https://sn.coinafrique.com/annonce/poules-lapins-et-pigeons/poule-brahma-hermnee-3357145
Poule Brahma,Prix sur demande,"Dakar, Sénégal",https://sn.coinafrique.com/annonce/poules-lapins-et-pigeons/poules-3349405
Poule Brahma,Prix sur demande,"Dakar, Sénégal",https://sn.coinafrique.com/annonce/poules-lapins-et-pigeons/poules-brahmanes-3349401
Poule Brahma,Prix sur demande,"Dakar, Sénégal",https://sn.coinafrique.com/annonce/poules-lapins-et-pigeons/poules-brahmanes-3349397
Poule Brahma,Prix sur demande,"Dakar, Sénégal",https://sn.coinafrique.com/annonce/poules-lapins-et-pigeons/poules-brahmanes-3349394
Poule Brahma,Prix sur demande,"Dakar, Sénégal",https://sn.coinafrique.com/annonce/poules-lapins-et-pigeons/poule-brahman-5594420
Poule Brahma,Prix sur demande,"Dakar, Sénégal",https://sn.coinafrique.com/annonce/poules-lapins-et-pigeons/poule-brahman-5577027
Poule Brahma,Prix sur demande,"Dakar, Sénégal",https://sn.coinafrique.com/annonce/poules-lapins-et-pigeons/poule-brahman-hermine-4369295
Pigeons frisés milanais,200 000 CFA,"Cambérène, Dakar, Sénégal",https://sn.coinafrique.com/profil/c265660c-8fd5-4019-bf2f-a1657f3c3d64
Pigeons frisés milanais,200 000 CFA,"Cambérène, Dakar, Sénégal",https://sn.coinafrique.com/profil/c265660c-8fd5-4019-bf2f-a1657f3c3d64
Pigeons frisés milanais,200 000 CFA,"Cambérène, Dakar, Sénégal",https://sn.coinafrique.com/annonce/poules-lapins-et-pigeons/pigeons-frises-milanais-4165971
Pigeons frisés milanais,200 000 CFA,"Cambérène, Dakar, Sénégal",https://sn.coinafrique.com/annonce/poules-lapins-et-pigeons/pigeons-frises-milanais-2728978
Pigeons frisés milanais,200 000 CFA,"Cambérène, Dakar, Sénégal",https://sn.coinafrique.com/annonce/poules-lapins-et-pigeons/pigeons-frises-milanais-2661323
Lapin Angora male,8 000 CFA,"Diamniadio, Sénégal",https://sn.coinafrique.com/profil/c3fd7cfd-5c4c-40b8-914c-7c2b08150ccf
Lapin Angora male,8 000 CFA,"Diamniadio, Sénégal",https://sn.coinafrique.com/profil/c3fd7cfd-5c4c-40b8-914c-7c2b08150ccf
Lapin Angora male,8 000 CFA,"Diamniadio, Sénégal",https://sn.coinafrique.com/annonce/poules-lapins-et-pigeons/lapin-angora-male-4473413
Lapin Angora male,8 000 CFA,"Diamniadio, Sénégal",https://sn.coinafrique.com/annonce/poules-lapins-et-pigeons/lapin-angora-male-4473399
Pigeon pan indien,10 000 CFA,"Patte d'oie, Dakar, Sénégal",https://sn.coinafrique.com/profil/58d37e42-0936-4a71-b46c-f7a385bd38ec
Pigeon pan indien,10 000 CFA,"Patte d'oie, Dakar, Sénégal",https://sn.coinafrique.com/profil/58d37e42-0936-4a71-b46c-f7a385bd38ec
Pigeon pan indien,10 000 CFA,"Patte d'oie, Dakar, Sénégal",https://sn.coinafrique.com/annonce/poules-lapins-et-pigeons/pigeon-pan-indien-4996843
Pigeon pan indien,10 000 CFA,"Patte d'oie, Dakar, Sénégal",https://sn.coinafrique.com/annonce/poules-lapins-et-pigeons/pigeons-pan-indien-3958692
Couple lapin 6 mois,35 000 CFA,"Pikine, Sénégal",https://sn.coinafrique.com/profil/13a092a5-cf87-4094-9592-5a0a00d738f1
Couple lapin 6 mois,35 000 CFA,"Pikine, Sénégal",https://sn.coinafrique.com/profil/13a092a5-cf87-4094-9592-5a0a00d738f1
Couple lapin 6 mois,35 000 CFA,"Pikine, Sénégal",https://sn.coinafrique.com/annonce/poules-lapins-et-pigeons/couple-lapin-6-mois-5773429
